epoch,accuracy,loss,val_accuracy,val_loss
0,0.5469387769699097,5.3229594230651855,0.4122137427330017,31.603683471679688
